,Name,Rating,Reviews,Price,Street Name,Zip Code,City,Cluster
0,Shikibu Restaurant,4.5,409,2,Washington,90232,CULVER CITY,1
1,Yama Sushi Sake Attitude,5.0,214,2,National,90064,Los Angeles,1
2,Uzumaki,4.5,669,2,Washington,90232,Culver City,1
3,Izakaya Osen - Los Angeles,4.5,1631,2,Sunset,90026,Los Angeles,0
4,Roll Call - Koreatown,4.5,532,2,Wilshire,90010,Los Angeles,1
5,K-ZO,4.0,923,3,Culver,90232,Culver City,1
6,Sushi Enya - Los Angeles,4.5,1628,3,E,90012,Los Angeles,0
7,Yunomi Handroll,4.5,375,2,E,90013,Los Angeles,1
8,Niko Niko Sushi,4.0,297,2,National,90064,Los Angeles,1
9,Omakase By Osen,4.5,72,4,Sunset,90026,Los Angeles,1
10,Sushi Gen,4.5,4202,3,E,90012,Los Angeles,0
11,Sushi Ippo,4.0,1736,3,Wilshire,90010,Los Angeles,0
12,Haru Omakase Sushi,4.5,45,3,Westwood,90024,Los Angeles,1
13,Sushi Fumi,4.5,479,2,N,90048,Los Angeles,1
14,Kappo Miyabi,4.5,761,0,Arizona,90401,Santa Monica,1
15,Oops! Sushi & Sake Bar,4.0,727,2,W,90064,Los Angeles,1
16,Sushi Sasabune,4.5,1092,4,Wilshire,90025,Los Angeles,1
17,Hide Sushi Japanese Restaurant,4.0,1792,2,Sawtelle,90025,Los Angeles,0
18,Izakaya Tora,4.5,387,3,Santa,90069,West Hollywood,1
19,NDMK Fish House,4.5,495,2,Clarissa,90704,Avalon,1
20,KazuNori  | The Original Hand Roll Bar,4.5,1132,2,Gayley,90024,Los Angeles,1
21,En Sushi,4.0,821,2,Santa,90025,Los Angeles,1
22,Kusaki,4.5,69,0,S,90064,Los Angeles,1
23,The Backhouse,4.0,992,2,W,90064,Los Angeles,1
24,Nishi Poke & Sushi Roll,4.5,249,2,S,90016,Los Angeles,1
25,Ugly Roll Sushi,4.0,715,1,Palms,90034,Los Angeles,1
26,Sushi Beluga,4.5,312,2,Culver,90293,Playa del Rey,1
27,Japonica - El Segundo,4.5,242,2,N,90245,El Segundo,1
28,KazuNori Marina Del Rey,4.5,261,2,Admiralty,90292,Marina Del Rey,1
29,SHU Sushi House Unico,4.5,295,4,1/2,90077,Los Angeles,1
30,Tokyo Cube,4.5,615,2,Cahuenga,90068,Los Angeles,1
31,Sake House By Hikari,3.5,519,2,Culver,90232,Culver City,1
32,Bui Sushi,4.0,335,2,Malibu,90265,Malibu,1
33,Moto Ramen,4.5,393,2,Washington,90232,Culver City,1
34,The Room Sushi Bar,4.0,753,2,Westwood,90025,Los Angeles,1
35,Seabutter - Beverly Hills,4.5,560,3,W,90212,Beverly Hills,1
36,SUGARFISH by sushi nozawa,4.0,1727,3,Admiralty,90292,Marina Del Rey,0
37,Hama Sushi,4.0,1704,3,E,90012,Los Angeles,0
38,Oomasa Restaurant,4.0,1417,2,Japanese,90012,Los Angeles,0
39,Kanpai Japanese Sushi Bar & Grill,4.0,1609,4,Lincoln,90045,Los Angeles,0
40,Nonstop Sushi & Sake Bar Marina Del Rey,4.5,80,0,Del,90292,Marina Del Rey,1
41,Irori Sushi,4.0,2034,3,Glencoe,90292,Marina Del Rey,0
42,Hello Fish,4.0,452,3,S,90020,Los Angeles,1
43,Kinari,4.5,173,2,N,90046,Los Angeles,1
44,KazuNori  | The Original Hand Roll Bar,4.5,3313,2,S,90013,Los Angeles,0
45,Oyabun,4.0,377,0,W,90006,Los Angeles,1
46,Takuma,4.5,484,2,Wilshire,90403,Santa Monica,1
47,Nonstop Sushi & Sake Bar,4.0,598,2,Lincoln,90405,Santa Monica,1
48,Yuko Kitchen - Wilshire,4.5,1874,2,Wilshire,90036,Los Angeles,0
49,n/naka,4.5,904,4,Overland,90034,Los Angeles,1
50,Sushi Miyagi,5.0,102,4,S,90049,Los Angeles,1
51,Kagura El Segundo,4.5,524,2,Main,90245,El Segundo,1
52,Kabosu,4.0,608,2,Riverside,91602,Los Angeles,1
53,Sushi Hon,4.5,333,2,W,90019,Los Angeles,1
54,Minori Sushi,4.0,354,2,S,90035,Los Angeles,1
55,Sushi Tama,4.5,176,0,North,90048,Los Angeles,1
56,Kura Revolving Sushi Bar,3.5,1117,2,Sawtelle,90025,Los Angeles,1
57,Ichijiku Sushi,4.0,90,2,1/2,90042,Los Angeles,1
58,Fiish Sushi,4.0,115,0,Washington,90232,Culver City,1
59,Kabuki Japanese Restaurant,3.5,984,2,Center,90045,Los Angeles,1
60,Robata JINYA - 3rd St.,4.0,1314,2,W,90048,Los Angeles,1
61,Blue Ribbon Sushi,4.0,109,0,Palisades,90272,Pacific Palisades,1
62,Sakura Japanese Restaurant,4.0,970,2,S,90066,Los Angeles,1
63,N Soto,4.5,151,0,W,90016,Los Angeles,1
64,LA LA Sushi,4.0,108,0,Ventura,91604,Los Angeles,1
65,kodō,4.0,130,0,S,90021,Los Angeles,1
66,Hamakaze Sushi Izakaya,4.0,475,2,W,90066,Los Angeles,1
67,Rice & Nori,4.5,625,1,Astronaut,90012,Los Angeles,1
68,Nobu Malibu,4.0,2980,4,Pacific,90265,Malibu,0
69,Sushi Enya - Beverly Hills,4.5,118,0,S,90048,Los Angeles,1
70,Yume Sushi Bar,4.5,282,0,Ventura,91604,Los Angeles,1
71,Here Fishy Fishy,4.5,194,3,Wilshire,90010,Los Angeles,1
72,Koi,4.0,1337,4,N,90069,Los Angeles,1
73,Yamashiro Hollywood,3.5,5328,3,N,90068,Hollywood,0
74,Sawa,4.5,34,0,San,90012,Los Angeles,1
75,Hermanito,4.5,587,3,Sawtelle,90025,Los Angeles,1
76,SUGARFISH by sushi nozawa,4.0,1968,3,2nd,90401,Santa Monica,0
77,Sasabune Express,4.0,125,2,Monument,90272,Pacific Palisades,1
78,Shojin Culver City,4.5,617,3,Washington,90066,Los Angeles,1
79,Moku Sushi,4.5,205,2,Palisades,90272,Pacific Palisades,1
80,Takami Sushi & Robata,4.0,2421,3,Wilshire,90017,Los Angeles,0
81,SUGARFISH by sushi nozawa,4.0,2702,3,W,90017,Los Angeles,0
82,KazuNori: The Original Hand Roll Bar,4.5,716,2,Broadway,90401,Santa Monica,1
83,Sur Sushi,4.5,300,1,Plummer,91343,North Hills,1
84,Sushi Roku,3.5,1100,3,Ocean,90401,Santa Monica,1
85,Tenno Sushi,4.0,2097,2,S,90012,Los Angeles,0
86,Bluewater Grill - Avalon,4.0,2103,2,Crescent,90704,Avalon,0
87,Muraya,4.0,160,2,N,90004,Los Angeles,1
88,Sushi Kura,4.0,433,2,W,90045,Los Angeles,1
89,California Rock'n Sushi - Los Angeles,4.5,301,2,S,90005,Los Angeles,1
90,i.8sushi2go - SAN FERNANDO VALLEY ,4.5,283,2,Stagg,91405,Los Angeles,1
91,Yamakase,4.5,271,4,Santa,90025,Los Angeles,1
92,Sakana Sushi Lounge,4.0,402,2,W,90015,Los Angeles,1
93,Sake House by Hikari,4.0,415,2,W,90020,Los Angeles,1
94,KazuNori: The Original Hand Roll Bar,4.5,289,2,Wilshire,90048,Los Angeles,1
95,The Brothers Sushi,4.0,40,0,Montana,90403,Santa Monica,1
96,Wabi on Rose,4.0,502,3,Rose,90291,Venice,1
97,Hamasaku,4.0,654,4,Santa,90025,Los Angeles,1
98,Daikokuya Sawtelle,4.0,1963,2,Sawtelle,90064,Los Angeles,0
99,Sake House Miro,4.0,502,2,S,90036,Los Angeles,1
100,715 Sushi,5.0,23,0,E,90013,Los Angeles,1
101,Otomisan Restaurant,4.5,469,2,E,90033,Los Angeles,1
102,Crazy Rock'N Sushi,4.0,1400,2,Santa,90046,West Hollywood,1
103,Hanabi,4.5,111,2,Beverly,90004,Los Angeles,1
104,Hiko Sushi,4.0,411,3,National,90064,Los Angeles,1
105,Sushi Ai,4.0,150,2,Hillhurst,90027,Los Angeles,1
106,Kiitsu,4.5,87,4,San,90049,Los Angeles,1
107,OOTORO Little Tokyo,4.5,199,0,E,90012,Los Angeles,1
108,Sushi Roku,4.0,77,3,N,90266,Manhattan Beach,1
109,ShaBuShi,4.0,536,2,Sunset,90027,Los Angeles,1
110,Aikan Sushi,4.5,519,3,Tampa,91324,Northridge,1
111,Kazuki Sushi,4.0,652,2,Sherman,91605,Los Angeles,1
112,Umaya LA,4.5,99,2,Wilshire,90010,Los Angeles,1
113,Taisho,4.5,779,0,Ventura,91423,Sherman Oaks,1
114,SUGARFISH by sushi nozawa,4.0,1057,3,N,90210,Beverly Hills,1
115,Yakumi,4.5,218,2,W,91505,Burbank,1
116,MORIHIRO,4.5,85,4,Glendale,90039,Los Angeles,1
117,HRB Experience,4.0,334,2,Santa,90067,Los Angeles,1
118,Asuka,4.5,254,3,Westwood,90024,Los Angeles,1
119,SUGARFISH by sushi nozawa,4.0,1221,3,San,90049,Los Angeles,1
120,Noma,4.0,870,2,Wilshire,90403,Santa Monica,1
121,Sushi Kiyono,4.0,271,2,S,90212,Beverly Hills,1
122,Kochi,4.5,318,2,N,90048,West Hollywood,1
123,Sushi Enya - Marina Del Rey,4.5,195,3,Washington,90292,Marina del Rey,1
124,California Roll Factory,4.0,731,2,Santa,90025,Los Angeles,1
125,Hilo Sushi,5.0,43,0,1/2,90212,Beverly Hills,1
126,Shiki Sushi,4.0,1371,2,Ventura,91604,Studio City,1
127,Tsuri,4.5,760,2,Melrose,90038,Los Angeles,1
128,Sushi Dan,4.0,1829,2,Ventura,91604,Studio City,0
129,Belles Beach House,4.5,722,0,Windward,90291,Los Angeles,1
130,AZAI SUSHI,4.5,59,0,N,90210,Beverly Hills,1
131,Niko Sushi,4.5,469,3,Ventura,91356,Tarzana,1
132,Kanpai Japanese Sushi Bar & Grill 2,4.0,813,2,S,90045,Los Angeles,1
133,So Sushi,4.5,1058,2,Ventura,91356,Tarzana,1
134,Katsuya Brentwood,4.0,1243,4,San,90049,Brentwood,1
135,Masakazu,4.0,111,4,Westwood,90025,Los Angeles,1
136,Yabu Restaurant,4.0,481,2,W,90064,Los Angeles,1
137,Toshi Sushi,4.5,121,2,W,90247,Gardena,1
138,Niku Nashi Sushi,5.0,36,0,Melrose,90036,Los Angeles,1
139,Yama Seafood,4.5,1536,2,W,91776,San Gabriel,0
140,Sunny Blue,4.0,498,1,Washington,90066,Los Angeles,1
141,Katana,4.0,2105,3,W,90069,West Hollywood,0
142,Murakami,4.5,673,2,Melrose,90046,Los Angeles,1
143,Hannosuke,3.5,401,2,S,90066,Los Angeles,1
144,Kenbey Sushi,4.5,42,0,Sunset,90029,Los Angeles,1
145,Japonica - Hermosa Beach,4.5,359,2,Hermosa,90254,Hermosa Beach,1
146,Moto Azabu Sushi Bar & Grill,4.0,350,3,Washington,90292,Marina del Rey,1
147,Tom's Sushi House,4.0,441,2,Santa,90025,Los Angeles,1
148,Sushi Mashiko,4.0,174,2,Jefferson,90230,Culver City,1
149,OTTO SUSHI,4.5,78,0,Van,91405,San Fernando Valley,1
150,Sushi Nishi,4.0,544,2,Agoura,91302,Calabasas,1
151,Ami Japanese Restaurant,3.5,1793,2,Broxton,90024,Los Angeles,0
152,Teru Sushi,4.0,903,2,Ventura,91604,Studio City,1
153,Kombu Sushi,4.5,202,2,S,90013,Los Angeles,1
154,Ariyoshi Sushi Cafe Izakaya,4.0,1216,2,Wilshire,90036,Los Angeles,1
155,Sushi Takeda,4.5,116,4,Astronaut,90012,Los Angeles,1
156,Japonica - Redondo Beach,4.5,1465,2,1/2,90277,Redondo Beach,0
157,Umigame Japanese Kitchen,4.5,511,2,Ventura,91423,Los Angeles,1
158,Sushi Tsujita,4.0,367,4,Sawtelle,90025,Los Angeles,1
159,Sushi Katsu-Ya Studio City,4.0,1321,2,Ventura,91604,Studio City,1
160,Teriyaki Sushi House,4.5,247,2,Long,90280,South Gate,1
161,Kopan Sushi & Ramen Bar - Beverly Grove,4.0,356,2,W,90048,Los Angeles,1
162,Kaiba Japanese Restaurant,4.5,2842,2,S,91754,Monterey Park,0
163,Fusion Sushi - Manhattan Beach,4.0,918,2,Morningside,90266,Manhattan Beach,1
164,The Lobster Trap,4.0,2091,2,Catalina,90704,Avalon,0
165,Kombu Sushi,4.0,603,2,Sunset,90026,Los Angeles,1
166,Sakura House,4.0,350,2,W,90066,Los Angeles,1
167,Starfish Sushi,4.0,360,2,N,90027,Los Angeles,1
168,Sushi Dan - Los Angeles,4.5,77,2,Santa,90029,Los Angeles,1
169,Ebaes,4.0,959,2,S,90007,Los Angeles,1
170,Hwal A Kwang Jang,4.0,231,2,S,90005,Los Angeles,1
171,Sushi 101,4.0,298,2,S,90035,Los Angeles,1
172,Yanagi Kitchen - Manhattan Beach,4.5,174,2,N,90266,Manhattan Beach,1
173,Sushi by Scratch Restaurants: LA,4.5,191,4,Ventura,91436,Los Angeles,1
174,Sugarfish by Sushi Nozawa - Manhattan Beach,4.0,316,3,12th,90266,Manhattan Beach,1
175,Sushi Note,4.0,273,4,Ventura,91423,Los Angeles,1
176,Mrs Fish,4.0,1427,2,South,90013,Los Angeles,0
177,Hama Sushi,3.5,583,2,Windward,90291,Venice,1
178,Yen Sushi & Sake Bar - Los Angeles,4.0,304,2,Hillhurst,90027,Los Angeles,1
179,Chiba Restaurant,4.5,821,2,Lankershim,91605,North Hollywood,1
180,Matsuhisa,4.0,1210,4,N,90211,Beverly Hills,1
181,Fifty One,4.0,576,2,Washington,90232,Culver City,1
182,Tomi Sushi,4.0,296,2,Culver,90066,Los Angeles,1
183,Katsuya Hollywood,3.5,2014,3,Hollywood,90028,Los Angeles,0
184,BAD Sushi,4.0,627,2,Santa,90025,Los Angeles,1
185,Taiko,4.0,274,2,San,90049,Los Angeles,1
186,Miyako Express,4.0,257,2,W,90045,Los Angeles,1
187,Shibuya,4.5,914,3,Park,91302,Calabasas,1
188,Asanebo,4.0,641,4,Ventura,91604,Studio City,1
189,Casa Noodle Teriyaki,4.5,160,1,S,90003,Los Angeles,1
190,Haruka Sake and Sushi,4.5,151,2,Foothill,91011,La Cañada Flintridge,1
191,Sushi Kaneyoshi,4.5,55,4,S,90012,Los Angeles,1
192,Sushi Q,4.0,205,1,W,90028,Los Angeles,1
193,FIN Asian Tapas - Culver City,4.0,885,3,W,90066,Culver City,1
194,Roll Call - Miracle Mile,4.5,86,0,Wilshire,90036,Los Angeles,1
195,Sunny Blue,4.5,1462,1,Main,90405,Santa Monica,0
196,Nobu Los Angeles,4.0,1514,4,N,90069,Los Angeles,0
197,Daichan,4.5,1024,2,Ventura,91604,Studio City,1
198,Ajisai,4.5,427,2,Palm,90069,West Hollywood,1
199,Crave Cafe Sushi,4.0,928,2,Ventura,91403,Los Angeles,1
200,Sake Sake Japanese Cuisine,4.0,285,2,Foothill,91040,Sunland,1
201,The Little Izaka-Ya by Katsu-Ya Sherman Oaks,4.0,688,2,Sepulveda,91403,Sherman Oaks,1
202,Roll Roll Roll,4.0,989,1,Wilshire,90010,Los Angeles,1
203,Summer Fish & Rice,4.0,420,2,S,90211,Beverly Hills,1
204,SHIN,4.0,1051,2,N,90028,Los Angeles,1
205,Takeshy town,4.0,10,0,Venice,90034,Los Angeles,1
206,Kanpai Santa Monica,4.0,187,2,Wilshire,90403,Santa Monica,1
207,Sushiko,3.5,282,2,W,90035,Los Angeles,1
208,JOEY DTLA,4.0,2398,0,W,90017,Los Angeles,0
209,Hakata Izakaya HERO,4.5,131,0,Westwood,90025,West Los Angeles,1
210,Sushi Zo | West Los Angeles,4.0,768,4,National,90034,Los Angeles,1
211,Kinjiro,4.5,440,3,E,90012,Los Angeles,1
212,Sushi Ran,4.0,892,2,Riverside,91602,North Hollywood,1
213,Chinchikurin - Sawtelle,4.5,748,2,Sawtelle,90025,Los Angeles,1
214,Aikan Sushi and Ramen - Pasadena,4.5,2618,3,E,91101,Pasadena,0
215,YAZAWA,4.5,339,4,S,90210,Beverly Hills,1
216,Marugame Monzo,4.5,4485,2,E,90012,Los Angeles,0
217,Yasu Beverly Hills,4.5,76,4,S,90211,Beverly Hills,1
218,Lotus Dim Sum Dumpling House,4.0,199,2,Wilshire,90401,Santa Monica,1
219,Sushi Gozen,4.5,54,0,Ocean,90401,Santa Monica,1
220,Mariscos Y Sushi Los Tomateros,4.5,130,2,State,90262,Lynwood,1
221,Kinza Sushi Japanese Restaurant,4.5,252,2,Van,91403,Los Angeles,1
222,Totoyama Sushi & Ramen,4.0,499,2,Hollywood,90028,Los Angeles,1
223,Izakaya Sasaya,3.5,586,2,Santa,90025,Los Angeles,1
224,Sushi King,4.0,671,2,Wilshire,90403,Santa Monica,1
225,Kokoro,4.5,72,2,S,91754,Monterey Park,1
226,Pearl Dragon,4.0,208,2,W,90272,Pacific Palisades,1
227,Matsumoto,4.5,167,4,Beverly,90048,Los Angeles,1
228,Echigo,4.0,490,3,Santa,90025,Los Angeles,1
229,Kazoku Sushi,4.0,510,2,Hollywood,90027,Los Angeles,1
230,UOBEI,5.0,79,2,W,90015,Los Angeles,1
231,KazuNori - Koreatown,4.5,102,2,W,90020,Los Angeles,1
232,Sushi Zo  | Downtown Los Angeles,4.5,337,4,S,90013,Los Angeles,1
233,Hillstone,4.0,1268,3,Wilshire,90401,Santa Monica,1
234,KinKan,4.5,77,4,N,90029,Los Angeles,1
235,Rice,4.5,695,2,Manhattan,90266,Manhattan Beach,1
236,Sake 2 Me Sushi,4.0,3684,3,South,90703,Cerritos,0
237,Jo & Go House,4.5,115,1,Sherman,91406,Los Angeles,1
238,Izakaya Mi Young,4.0,99,0,Wilshire,90010,Los Angeles,1
239,Negroni,4.5,73,0,W,90048,Los Angeles,1
240,7455 SUSHI by Roshi,4.5,19,0,Melrose,90046,Los Angeles,1
241,Afc Sushi,5.0,2,0,Culver,90232,Culver City,1
242,The Naughty Fox,4.5,239,2,Crescent,90704,Avalon,1
243,La Zona Sushi,4.5,70,2,E,90001,Los Angeles,1
244,Nanban-Kan,4.0,896,2,Santa,90025,Los Angeles,1
245,Iroha Sushi of Tokyo,4.0,1317,3,Ventura,91604,Studio City,1
246,HATCH,4.0,821,2,W,90017,Los Angeles,1
247,Aizen,4.5,140,2,E,90012,Los Angeles,1
248,Muzen Sushi,4.5,471,2,E,91362,Westlake Village,1
249,The Sushi House,4.0,976,2,Ventura,91604,Studio City,1
250,Kaiju Sushi,4.0,686,2,Ventura,91423,Sherman Oaks,1
251,Catch Me Sushi,4.5,579,2,Canoga,91303,Canoga Park,1
252,Ueno Sushi,4.5,243,2,W,90501,Torrance,1
253,Nozomi,4.0,533,2,W,90501,Torrance,1
254,Asakuma Sushi & Poke,4.0,215,2,Santa,90025,Los Angeles,1
255,Sweet Fish Sushi Bar,3.0,409,2,Pacific,90094,Playa Vista,1
256,Sushi Sumo,4.0,828,2,W,90247,Gardena,1
257,Dash Dashi Sushi & Sake Bar,4.5,130,2,Manhattan,90266,Manhattan Beach,1
258,Dojo Sushi,4.0,1065,2,Ventura,91423,Los Angeles,1
259,Niko Niko Sushi,4.0,404,2,Santa,90069,West Hollywood,1
260,Noshi Sushi,4.0,1705,2,Beverly,90004,Los Angeles,0
261,Pisces Sushi,4.5,391,2,Highland,90266,Manhattan Beach,1
262,Hayato,4.5,114,4,E,90021,Los Angeles,1
263,The Teriyaki House Pico,4.5,266,4,W,90064,Los Angeles,1
264,Kura Revolving Sushi Bar,4.0,118,2,Wilshire,90010,Los Angeles,1
265,Crazy Rock'N Sushi - Gardena,4.0,955,2,W,90247,Gardena,1
266,Wasabi At Citywalk,4.0,1184,2,Universal,91608,Universal City,1
267,U-Zen Japanese,4.0,465,2,Santa,90025,Los Angeles,1
268,Mon Roll House,4.0,455,2,4th,90401,Santa Monica,1
269,Wokcano,3.0,396,2,Sepulveda,90230,Culver City,1
270,Sushi Enya - Pasadena,4.0,786,2,E,91105,Pasadena,1
271,Tokai Sushi,4.5,592,2,Newhall,91355,Santa Clarita,1
272,Sushi Hanashi,4.0,465,2,Lincoln,90405,Santa Monica,1
273,Suehiro Cafe,4.0,1633,2,E,90012,Los Angeles,0
274,Yami Yaki,4.5,138,2,N,90026,Los Angeles,1
275,Sushi Ye,4.5,319,2,S,90004,Los Angeles,1
276,FUJIYA,4.0,370,2,E,91502,Burbank,1
277,Sōgo Roll Bar,4.5,148,2,Hollywood,90027,Los Angeles,1
278,Aki Restaurant,4.0,251,2,Santa,90025,Los Angeles,1
279,Nishi Poke & Ramen Bistro,4.5,380,2,Overland,90064,Los Angeles,1
280,Mori Sushi,4.0,341,4,W,90064,Los Angeles,1
281,Sushi Ginza Onodera,4.5,190,4,North,90069,West Hollywood,1
282,Kato,4.5,508,4,Alameda,90021,Los Angeles,1
283,Sushi Yuzu,4.0,1344,3,Riverside,91602,Toluca Lake,1
284,Octopus Japanese Restaurant,4.0,1620,2,E,91502,Burbank,0
285,Hikari Sushi,4.0,2505,3,Devonshire,91311,Chatsworth,0
286,Shin Sushi,4.5,153,4,Ventura,91436,Los Angeles,1
287,Sushi Go 55,4.0,1145,2,S,90013,Los Angeles,1
288,SushiStop Sawtelle North ,3.5,1630,2,Sawtelle,90025,Los Angeles,0
289,"Sakura Japanese Steak, Seafood House & Sushi Bar",4.0,753,3,Foothill,91011,La Cañada Flintridge,1
290,Samurai Sushi & Teriyaki,4.0,255,2,S,90023,Los Angeles,1
291,Soko Sushi,4.0,21,0,Wilshire,90401,Santa Monica,1
292,Toshi,4.5,327,2,Vanowen,91605,Los Angeles,1
293,The Izaka-Ya by Katsu-Ya Manhattan Beach,4.0,1095,2,Highland,90266,Manhattan Beach,1
294,Hara Sushi,3.5,1157,2,Wilshire,90025,Los Angeles,1
295,Kinza Sushi and Asian Izakaya,4.5,835,2,The,91381,Stevenson Ranch,1
296,Wa Sushi & Izakaya,4.5,162,2,N,91801,Alhambra,1
297,Kumadori Sushi,4.0,819,2,South,91205,Glendale,1
298,The Sushi By Jin,4.0,1082,3,Laurel,91606,North Hollywood,1
299,Crazy Rock'N Sushi,4.0,572,2,N,91203,Glendale,1
300,Orange Door Sushi,3.5,332,2,W,90007,Los Angeles,1
301,Sushi Sawa,4.5,219,2,N,91702,Azusa,1
302,AV Sushi & More,4.5,73,0,E,93550,Palmdale,1
303,Maru Sushi Bar,4.5,1135,3,Devonshire,91311,Los Angeles,1
304,Sachi Teriyaki House,4.0,386,2,W,90043,Los Angeles,1
305,Kura Revolving Sushi Bar,3.5,1668,2,E,90012,Los Angeles,0
306,Oishi Sushi,4.5,315,2,N,91203,Glendale,1
307,Tokyo Garden,4.0,1448,2,S,90242,Downey,0
308,Isa Japanese Ramen,3.5,587,2,S,90036,Los Angeles,1
309,Sakura Sushi,4.0,281,2,Woodman,91402,Panorama City,1
310,Tokyoya Sushi,4.5,302,2,S,91501,Burbank,1
311,Takao,4.0,276,3,San,90049,Los Angeles,1
312,SushiStop Sawtelle South,3.5,1117,1,Sawtelle,90064,Los Angeles,1
313,Okumura Restaurant,4.0,592,2,Ventura,91316,Encino,1
314,Seasalt Fish Grill,4.0,572,2,Washington,90232,Culver City,1
315,A La Diabla Sushi,4.0,140,2,Roscoe,91343,North Hills,1
316,The Ramen Joint,4.5,1842,2,W,90045,Los Angeles,0
317,Shunji Japanese Cuisine,4.0,364,4,Ocean,90405,Santa Monica,1
318,Blue Fish Sushi and Teriyaki,3.5,207,2,State,90255,Huntington Park,1
319,Taberu,4.5,81,0,E,90013,Los Angeles,1
320,Miso Sushi,2.5,119,2,Sierra,93510,Acton,1
321,Sushi Katsu-Ya Encino,4.0,722,2,Ventura,91436,Encino,1
322,Sushi Delight,4.5,822,2,Pacific,90717,Lomita,1
323,Japanese Castle Sushi & Roll - Paramount ,4.5,415,2,Paramount,90723,Paramount,1
324,SUGARFISH by sushi nozawa,4.0,767,3,S,90036,Los Angeles,1
325,Mia Sushi,4.0,713,2,Eagle,90041,Los Angeles,1
326,JAPAN HOUSE Los Angeles,4.5,53,0,Hollywood,90028,Los Angeles,1
327,Jinpachi,4.5,425,3,Santa,90069,West Hollywood,1
328,Little Brother Sushi,4.0,422,2,Ventura,91364,Woodland Hills,1
329,Tsukiji Sushi Sen,4.0,391,2,Main,90405,Santa Monica,1
330,Sushi Goken,5.0,39,0,Woodman,91402,San Fernando Valley,1
331,Shintaro Sushi,4.0,573,2,N,90068,Los Angeles,1
332,Tomodachi Sushi - Simi Valley,4.5,332,2,E,93065,Simi Valley,1
333,Michi Japanese Kitchen,4.0,60,0,W,90066,Los Angeles,1
334,Kazuya Japanese Restaurant,4.5,159,2,Los,93021,Moorpark,1
335,Tampopo Restaurant,4.0,644,2,S,90249,Gardena,1
336,Oki Doki Sushi,4.0,647,2,Pacific,90254,Hermosa Beach,1
337,Seabutter - Westlake Village,4.5,126,0,Promenade,91362,Westlake Village,1
338,Hokkaido Ramen Santouka,4.5,2327,2,S,90066,Los Angeles,0
339,Nozawa Bar,4.5,280,4,N,90210,Beverly Hills,1
340,Sushi Karen,5.0,176,3,S,91105,Pasadena,1
341,Haji Sushi House,5.0,4,0,Wilshire,90048,Los Angeles,1
342,I Luv Sushi,4.5,2838,2,E,90712,Lakewood,0
343,Oono Sushi,4.5,28,1,,90067,Los Angeles,1
344,Yu/Mi Sushi Too,3.5,193,3,S,90210,Beverly Hills,1
345,Sushi 818 Kare Don,4.5,254,2,W,91203,Glendale,1
346,Roll Roll,4.0,771,2,1/2,91356,Los Angeles,1
347,Sushi Ahn,4.5,80,2,Colorado,90041,Los Angeles,1
348,39 Degrees,4.5,2406,2,Redondo,90814,Long Beach,0
349,Yakuza Sushi,4.0,183,2,Silver,90026,Los Angeles,1
350,Shiso Sushi Bar,4.5,126,2,Saticoy,91605,Los Angeles,1
351,Sasabune Beverly Hills,4.0,270,4,W,90212,Beverly Hills,1
352,Ginza AYCE Sushi - Torrance,4.0,1005,3,Crenshaw,90505,Torrance,1
353,Sasabune Glendale,4.5,341,4,N,91203,Glendale,1
354,Miyabi Uni,4.5,760,3,Cabrillo,90501,Torrance,1
355,Sushi Ike,4.0,394,3,Hollywood,90028,Los Angeles,1
356,Wadatsumi - Torrance,4.0,603,2,W,90501,Torrance,1
357,Katsuya LA Live,3.5,1814,3,W,90015,Los Angeles,0
358,The Honor Bar,4.5,1841,2,S,90212,Beverly Hills,0
359,Oji Sushi & Sake Bar,4.5,549,2,W,90640,Montebello,1
360,Anzu,4.5,364,2,La,90025,Los Angeles,1
361,Tokyo Fast Food,4.0,301,1,Santa,90025,Los Angeles,1
362,Arashi Sushi,4.0,846,2,S,90015,Los Angeles,1
363,Mezzanine Sushi,4.5,4,0,W,90048,Los Angeles,1
364,Shogun Sushi,4.5,310,2,E,93550,Palmdale,1
365,Sushi Nishi-ya,4.5,461,4,Victory,91201,Glendale,1
366,Kumi Ko,4.5,378,2,S,90221,Compton,1
367,Doko Sushi,4.5,205,2,Ventura,91356,Los Angeles,1
368,Wokcano,3.5,568,2,W,90046,Los Angeles,1
369,Sushi Yoko,4.5,325,2,W,90249,Gardena,1
370,Kaviar Pasadena,4.5,549,0,N,91103,Pasadena,1
371,Daiki Sushi Restaurant,4.0,611,2,S,91754,Monterey Park,1
372,The Brothers Sushi,4.0,680,4,Ventura,91364,Woodland Hills,1
373,Niko Niko Sushi,4.0,38,0,W,90631,La Habra,1
374,Malama Pono Restaurant,5.0,509,2,Ventura,91423,Los Angeles,1
375,Sushi 661,4.5,1695,2,Sierra,91321,Santa Clarita,0
376,Matsu Sushi,4.0,243,2,The,91310,Castaic,1
377,KazuNori - Studio City,4.5,93,0,Ventura,91604,Studio City,1
378,Sushi Corner,4.5,36,2,San,91201,Glendale,1
379,Kyoto Sushi,4.0,326,2,Florence,90240,Downey,1
380,Sushi I-NABA Manhattan Beach,4.5,111,4,Hawthorne,90503,Torrance,1
381,Saloon Osaka,4.5,107,2,West,90245,El Segundo,1
382,Osawa Shabu Shabu & Sushi,4.5,1570,2,N,91103,Pasadena,0
383,Sushi Chitose,4.5,356,3,S,90277,Redondo Beach,1
384,New Japan by SushiStop,3.5,594,2,Santa,90025,Los Angeles,1
385,Sake Dojo,4.0,208,3,E,90012,Los Angeles,1
386,Magic Touch Bullet Train Sushi,3.5,1621,2,South,90703,Cerritos,0
387,Sushi Koo,3.5,456,2,W,90048,Los Angeles,1
388,Fish King,4.5,1301,2,N,91206,Glendale,1
389,Yanagi Kitchen - Redondo Beach,4.0,657,2,Artesia,90278,Redondo Beach,1
390,Sushi Yoshi,4.5,249,2,W,90504,Torrance,1
391,Sushi Ichiban Kan,4.5,442,2,Ventura,91364,Woodland Hills,1
392,Majordomo,4.0,1301,3,Naud,90012,Los Angeles,1
393,Yokozuna Sushi - Santa Paula,4.0,132,2,W,93060,Santa Paula,1
394,Malibu Seafood Fresh Fish Market & Patio Cafe,4.0,3153,2,Pacific,90265,Malibu,0
395,Kuru Kuru Sushi,4.0,469,2,N,91505,Burbank,1
396,Geoffrey's Malibu,4.0,3347,3,Pacific,90265,Malibu,0
397,Soregashi,4.5,155,3,Santa,90038,Los Angeles,1
398,Tomoya Sushi & Izakaya,4.0,1027,2,Canoga,91367,Woodland Hills,1
399,Blue Ribbon Sushi Bar & Grill,3.5,662,3,The,90036,Los Angeles,1
400,Makoto Sushi,4.0,281,2,Ventura,91316,Encino,1
401,Nishi Poke & Ramen Bar,4.0,230,2,Overland,90230,Culver City,1
402,Black Bamboo Sushi,4.0,144,2,Yarmouth,90274,Palos Verdes Estates,1
403,Nagahasu By Sushi Yu/Mi,4.5,32,0,1/2,90048,Los Angeles,1
404,Sushi Dragon,4.5,270,2,Vineland,91352,Sun Valley,1
405,Niko Niko Sushi,4.0,1160,2,N,91504,Burbank,1
406,What The Fish Sushi,4.0,456,2,Hyperion,90027,Los Angeles,1
407,Flyin Fin Sushi & Seafood,4.5,951,2,S,90277,Redondo Beach,1
408,Tsubaki,4.0,364,3,Allison,90026,Los Angeles,1
409,Daikokuya Little Tokyo,4.0,9357,2,E,90012,Los Angeles,0
410,Sushi Joint,4.5,312,2,Firestone,90650,Norwalk,1
411,Izakaya Hachi - Torrance,4.0,600,3,W,90501,Torrance,1
412,OTOTO,4.0,114,2,Allison,90026,Los Angeles,1
413,El Sushi,5.0,51,2,S,90020,Los Angeles,1
414,Super Ninja Japanese Sushi Cuisine,4.5,221,2,Sherman,91605,Los Angeles,1
415,Sushito Teriyaki Grill,5.0,25,0,E,90033,Los Angeles,1
416,Bar Uerukamu,4.5,106,3,Sherman,91406,Los Angeles,1
417,LemonShark Poke - Culver City,4.0,193,2,Washington,90232,Culver City,1
418,Poke Republic,4.0,333,2,W,90064,Los Angeles,1
419,Bar Hayama,3.5,612,3,Sawtelle,90025,Los Angeles,1
420,Senfuku,4.0,186,2,W,90731,San Pedro,1
421,Hana Haru Restaurant,3.5,249,2,Main,90245,El Segundo,1
422,Miho Sushi,4.5,333,2,Ventura,91356,Tarzana,1
423,King and Queen Cantina,4.0,708,2,Ocean,90401,Santa Monica,1
424,Seabutter - Laguna Beach,4.5,167,0,S,92651,Laguna Beach,1
425,Toku Unagi & Sushi,4.5,136,4,N,90069,West Hollywood,1
426,Fishing With Dynamite,4.5,1699,3,Manhattan,90266,Manhattan Beach,0
427,RIZE Thai Sushi,4.0,395,2,Lincoln,90405,Santa Monica,1
428,Tonchin LA,4.5,135,2,Melrose,90038,Los Angeles,1
429,California Sushi & Teriyaki,3.5,175,1,S,90007,Los Angeles,1
430,Sakana sushi,4.0,558,2,Foothill,91011,La Canada Flintridge,1
431,Sushi Monster,4.0,335,2,Honolulu,91020,Montrose,1
432,Kiku Sushi,4.0,495,2,N,90004,Los Angeles,1
433,SUGARFISH by sushi nozawa,4.0,619,3,W,90028,Los Angeles,1
434,Q Sushi,4.0,274,4,W,90014,Los Angeles,1
435,Momi Sushi,5.0,45,2,W,90015,Los Angeles,1
436,Kaijin sushi,4.5,66,0,Beverly,90036,Los Angeles,1
437,Tomodachi Restaurant,4.0,444,2,Agoura,91361,Westlake Village,1
438,Ali'i Fish Company,4.5,588,2,E,90245,El Segundo,1
439,Minato Sushi,4.0,487,2,N,91360,Thousand Oaks,1
440,Santa Monica Seafood Market & Cafe - Santa Monica,4.0,1720,2,Wilshire,90401,Santa Monica,0
441,Makomae Japanese Cuisine,4.5,636,2,N,91765,Diamond Bar,1
442,Izakaya Osen - Irvine,4.5,455,3,Main,92614,Irvine,1
443,Studio Sushi,4.5,279,2,Radford,91604,Studio City,1
444,Kikyo Sushi Sake Bar,4.5,157,2,Bellflower,90706,Bellflower,1
445,Nomura Sushi,4.0,755,2,Ventura,91403,Los Angeles,1
446,Toro Sushi Poke House,4.0,504,2,N,91502,Burbank,1
447,Jin Sushi,4.0,229,2,Florence,90240,Downey,1
448,Sushi Yuen,4.5,391,4,Gale,91748,City of Industry,1
449,All You Can Eat Sushi & BBQ,4.0,384,2,Wilshire,90010,Los Angeles,1
450,Gushi,4.0,1229,2,Gayley,90024,Los Angeles,1
451,Tangaroa Fish Market,4.0,704,2,W,90066,Los Angeles,1
452,Kurisaki,4.5,206,3,S,90277,Redondo Beach,1
453,Masa Sushi,4.0,414,2,E,93010,Camarillo,1
454,Firefly,4.0,3044,3,Ventura,91604,Studio City,0
455,Sushi Kisen,4.0,200,0,S,91007,Arcadia,1
456,Tatsu sushi Japanese cuisine,4.5,134,0,W,91505,Burbank,1
457,Mikomi Sushi Monrovia,4.5,1902,2,S,91016,Monrovia,0
458,Iki Ramen,4.5,676,2,S,90005,Los Angeles,1
459,Xevichez Sushi Bar,3.0,1914,2,Hubbard,91342,Los Angeles,0
460,Kaya Sushi,3.5,334,2,E,90245,El Segundo,1
461,Hana Sushi,4.5,124,2,Country,93065,Simi Valley,1
462,Izakaya Sushi K,5.0,212,2,E,93063,Simi Valley,1
463,I 8 Sushi,4.0,45,2,Sunset,90027,Los Angeles,1
464,Nova Kitchen & Bar,4.5,4945,0,Chapman,92840,Garden Grove,0
465,Sushi Island,4.5,315,2,S,90248,Gardena,1
466,Aikan Sushi & Ramen,4.5,1162,3,South,90701,Artesia,1
467,COD Restaurant,4.0,926,3,W,90048,Los Angeles,1
468,Asahi Sushi,4.0,2411,2,Balboa,91344,Granada Hills,0
469,Azabu ,4.5,220,0,Philadelphia,90601,Whittier,1
470,Sakae Sushi,4.5,693,2,W,90247,Gardena,1
471,Akasaka Sushi Restaurant,4.0,1600,2,Clark,91745,Hacienda Heights,0
472,Akai Asian Bistro,5.0,19,2,E,90255,Huntington Park,1
473,Sushi Imari,4.5,1993,2,Harbor,92626,Costa Mesa,0
474,LOVE,5.0,266,2,Santa,90046,West Hollywood,1
475,Kaze Sushi,4.5,39,0,W,93534,Lancaster,1
476,H2O Sushi & Izakaya,4.0,1442,2,Tampa,91324,Northridge,0
477,Teriroll,4.5,219,2,S,90022,Los Angeles,1
478,Krudos Sushi & Modern Kitchen,4.0,81,2,Slauson,90270,Maywood,1
479,Sushi Gone Wild,4.0,462,2,Vista,90505,Torrance,1
480,Teriyaki House,4.0,260,1,Truman,91340,San Fernando,1
481,Palms Ramen Yumeya,4.0,497,2,Palms,90034,Los Angeles,1
482,Sen Sushi,4.5,104,2,E,91770,Rosemead,1
483,IPPA Sushi Ramen,4.0,79,2,Atlantic,90201,Bell,1
484,Sake Sushi Bar and Lounge,4.0,1681,2,Honolulu,91020,Montrose,0
485,Sushi Katsu-Ya,4.0,550,3,N,91367,Woodland Hills,1
486,Wokcano,3.5,1626,2,W,90017,Los Angeles,0
487,SushiStop Hollywood ,3.5,995,2,Franklin,90028,Los Angeles,1
488,The Albright,4.0,1776,2,Santa,90401,Santa Monica,0
489,Fuguya Sushi,4.0,173,2,Vineland,91606,Los Angeles,1
490,Mikaza Sushi & Lounge,4.0,200,0,S,90013,Los Angeles,1
491,JOEY Manhattan Beach,4.5,1353,0,N,90266,Manhattan Beach,1
492,i 8 Sushi Fusion,5.0,5,0,Sunset,90027,Los Angeles,1
493,Manpuku Japanese BBQ Dining - West Hollywood,4.5,169,4,W,90048,Los Angeles,1
494,Kura Revolving Sushi Bar,3.5,340,2,Riverside,91423,Sherman Oaks,1
495,Oi Asian Fusion,4.5,627,1,Hollywood,90027,Los Angeles,1
496,Masamitsu Japanese Cuisine,4.5,73,4,Huntington,91108,San Marino,1
497,Din Tai Fung,4.0,2463,2,Santa,90067,Los Angeles,0
498,Akuma Ramen & Sushi Bar,4.0,456,2,Santa,90046,West Hollywood,1
499,Chubby Cattle,4.5,331,2,W,91754,Monterey Park,1
500,Yeon Omakase and Sushi,5.0,10,0,Wilshire,90010,Los Angeles,1
501,Sushi N Go,4.0,911,1,Imperial,90650,Norwalk,1
502,Sweetfin,4.0,1231,2,Broadway,90401,Santa Monica,1
503,Hanzo Sushi,3.5,247,2,N,91340,San Fernando,1
504,TAO Asian Bistro,4.0,1553,3,Selma,90028,Los Angeles,0
505,Heemo Sushi,4.5,159,2,E,91010,Duarte,1
506,Moto Sushi,4.0,516,2,N,91202,Glendale,1
507,O Sushi,4.5,437,2,Soledad,91351,Santa Clarita,1
508,All That Sushi,4.5,376,2,Pomona,91709,Chino Hills,1
509,Izakaya Gazen,4.0,448,2,E,90012,Los Angeles,1
510,Akira Sushi,5.0,32,0,Ventura,91604,Los Angeles,1
511,Tempura Endo,4.0,117,4,S,90210,Beverly Hills,1
512,Sushi Raku,4.0,310,2,Kanan,91301,Agoura Hills,1
513,Kisetsu Restaurant,4.5,37,0,W,91711,Claremont,1
514,etta,4.5,880,0,Washington,90232,Culver City,1
515,Sushi Hanada,4.5,378,2,W,93041,Port Hueneme,1
516,Bandit Brews & Sushi Hand Rolls,4.5,44,2,Melrose,90046,Los Angeles,1
517,Kogane,4.0,59,4,S,91803,Alhambra,1
518,Saikai Ramen Bar,4.5,299,2,N,90004,Los Angeles,1
519,Fresh In The Box,4.0,479,2,Washington,90066,Los Angeles,1
520,Suban Sushi & Ramen,5.0,64,2,Sherman,91303,Canoga Park,1
521,Cassia,4.0,1328,3,7th,90401,Santa Monica,1
522,"Kaiba Japanese Ramen, Sushi & Grill",4.5,2760,2,N,92801,Anaheim,0
523,ROK Sushi Kitchen,3.5,738,2,Hermosa,90254,Hermosa Beach,1
524,Okane Umi,4.5,424,2,Pacific,90717,Lomita,1
525,Inaba Restaurant,4.0,510,2,Hawthorne,90503,Torrance,1
526,Ohshima Japanese Cuisine,4.5,2572,4,N,92865,Orange,0
527,Shibumi,3.5,395,4,South,90014,Los Angeles,1
528,Savida,5.0,120,0,Montana,90403,Santa Monica,1
529,Miyako Restaurant,3.5,210,2,Ocean,90405,Santa Monica,1
530,Lobster & Beer,4.0,1151,2,Motor,90034,Los Angeles,1
531,Kura Revolving Sushi Bar,4.0,333,2,Galleria,91210,Glendale,1
532,Washoku of LA,4.5,26,3,Ventura,91604,Los Angeles,1
533,Sushi Dake,4.0,338,2,W,91506,Burbank,1
534,Sushi One Spot,4.5,242,2,Monte,91763,Montclair,1
535,Hikari Sushi,4.0,636,2,Verdugo,91020,Montrose,1
536,Kamis Sushi,4.5,195,2,S,91765,Diamond Bar,1
537,Ichiban Sushi,3.5,406,2,New,90241,Downey,1
538,California Roll & Sushi,3.0,166,2,Bristol,90232,Culver City,1
539,Kaviar Los Angeles,4.5,157,0,S,90013,Los Angeles,1
540,Kanpachi Sushi & Sake,4.5,73,0,S,90248,Gardena,1
541,Taihei,4.0,550,2,S,91754,Monterey Park,1
542,Zuma Pop Up at Inko Nito,5.0,1,0,S,90012,Los Angeles,1
543,King Sushi and Teriyaki,4.5,118,1,Telegraph,90660,Pico Rivera,1
544,Steve's Steakhouse,4.0,1258,3,Crescent,90704,Avalon,1
545,Lonzo's Restaurant,4.5,891,2,Washington,90232,Culver City,1
546,Tokoro sushi,4.0,638,2,Fair,91030,South Pasadena,1
547,Sushi Song,4.0,416,2,Copperhill,91350,Santa Clarita,1
548,The Rooftop by JG,4.0,694,3,Wilshire,90210,Beverly Hills,1
549,MB Sushi,5.0,50,0,Ventura,91423,Sherman Oaks,1
550,Got Sushi & King's burgers,4.0,1783,2,Reseda,91324,Northridge,0
551,Sai Sushi,4.5,413,2,Yorba,92887,Yorba Linda,1
552,Sushi Park,4.0,273,4,Sunset,90069,West Hollywood,1
553,"Kaiba Japanese Ramen, Sushi & Grill",4.5,1274,2,E,91106,Pasadena,1
554,Roll & Teriyaki,4.5,42,0,Somerset,90723,Paramount,1
555,Tomomi Sushi,4.0,1494,2,W,91801,Alhambra,0
556,SanSai Japanese Grill,3.5,201,1,Lindbrook,90024,Los Angeles,1
557,Daru Sushi,4.5,390,2,Clark,90706,Bellflower,1
558,Matsuri,4.0,627,2,E,91106,Pasadena,1
559,Sushi Mafia,4.5,530,2,E,90802,Long Beach,1
560,Dollar Hits,4.0,606,1,W,90026,Los Angeles,1
561,O Sushi,3.0,195,2,Santa,90025,Los Angeles,1
562,Top Sushi,4.5,451,2,De,91304,Canoga Park,1
563,Kumi,2.5,6,0,Broadway,90401,Santa Monica,1
564,Go's Mart,4.5,467,4,Sherman,91303,Canoga Park,1
565,Crudo e Nudo,4.0,154,2,Main,90405,Santa Monica,1
566,Sea Salt Poke,4.0,543,2,W,90064,Los Angeles,1
567,Ki Sushi & Sake Bar,4.5,940,2,Beach,90621,Buena Park,1
568,Sun Sushi Bar & Japanese Cuisine,4.0,563,2,Reseda,91324,Northridge,1
569,O-Sho Sushi,4.0,185,2,N,90266,Manhattan Beach,1
570,Agua Chiles Sushi Bar,3.5,743,2,Reseda,91324,Northridge,1
571,Akii Sushi,4.5,63,2,Cherry,90807,Long Beach,1
572,Sushiya On Sunset,3.5,391,2,W,90069,West Hollywood,1
573,Sushi Loco,4.5,40,2,Long,90805,Long Beach,1
574,Bluemaki Sushi,4.0,176,2,10th,93551,Palmdale,1
575,Happy Sushi,4.5,130,2,W,90247,Gardena,1
576,Sung Shogun,5.0,28,0,S,90006,Los Angeles,1
577,Kaze Sushi,4.5,213,2,10th,93551,Palmdale,1
578,Sushi Fresh Japanese Restaurant,4.0,489,2,Pickwick,93010,Camarillo,1
579,9 Style Sushi,4.0,424,2,Avenida,92672,San Clemente,1
580,Sushi Me,4.0,477,2,W,91801,Alhambra,1
581,Kahuna Tiki,4.0,834,2,Magnolia,91601,North Hollywood,1
582,Cho Oishi,3.0,513,2,Hollywood,90028,Los Angeles,1
583,The Bop,5.0,85,0,W,90048,Los Angeles,1
584,Sushiya,4.5,200,2,W,91773,San Dimas,1
585,Sake 2 Me Sushi,4.0,614,2,Cochran,93063,Simi Valley,1
586,La Conde - Santa Monica,3.5,637,0,Wilshire,90403,Santa Monica,1
587,Kinn,4.5,118,4,W,90020,Los Angeles,1
588,Ha Sun Saeng - Master Ha,4.5,390,2,S,90006,Los Angeles,1
589,Krudos Sushi & Modern Kitchen,4.0,192,2,Durfee,91733,South El Monte,1
590,Blufish Sushi & Grill,5.0,1,0,Selmaraine,90230,Culver City,1
591,Sushi & Teriyaki Plus,4.5,161,2,Imperial,90242,Downey,1
592,Sushi Don,4.0,444,2,Laurel,91607,Valley Village,1
593,Pine & Crane,4.5,2872,2,Griffith,90026,Los Angeles,0
594,Kumano Sushiya,4.5,183,2,S,90275,Rancho Palos Verdes,1
595,Rock'N Fish,4.0,1637,2,Manhattan,90266,Manhattan Beach,0
596,Tak-e sushi & rolls,4.0,139,2,Figueroa,90745,Carson,1
597,Shojin Downtown,4.0,1975,3,S,90013,Los Angeles,0
598,Kozo Sushi Japanese Sushi Kitchen,4.0,44,2,Crenshaw,90505,Torrance,1
599,SanSai,3.5,165,1,Santa,90404,Santa Monica,1
600,Poke Me,4.0,718,2,Westwood,90024,Los Angeles,1
601,Kazama Sushi,4.5,1297,2,N,91711,Claremont,1
602,Maru Maki Sushi,4.0,1232,2,E,90802,Long Beach,1
603,Ahi Sushi,4.0,510,2,Ventura,91604,Studio City,1
604,Sushi Ko,3.5,491,2,Rinaldi,91326,Porter Ranch,1
605,Momota Ramen House,4.0,320,2,S,90007,Los Angeles,1
606,Tatsu Ramen,4.0,3799,2,Sawtelle,90025,Los Angeles,0
607,Little Sister,4.0,1795,2,W,90017,Los Angeles,0
608,Namisen Sushi,4.5,101,0,Topanga,91311,Chatsworth,1
609,Kagura,4.0,829,2,Cabrillo,90501,Torrance,1
610,Mutsumi,4.0,502,3,Devonshire,91311,Chatsworth,1
611,Show Sushi,4.5,630,2,Centerpointe,90623,La Palma,1
612,Sushi West,4.0,612,2,Atlantic,90807,Long Beach,1
613,Kai Sushi,4.5,402,2,E,92865,Orange,1
614,Sachi Sushi,4.5,112,0,Santa,90069,West Hollywood,1
615,Il Segreto Ristorante Belair,4.0,148,3,Beverly,90077,Los Angeles,1
616,Tar & Roses,4.5,2547,3,Santa,90401,Santa Monica,0
617,Providence,4.5,2919,4,Melrose,90038,Los Angeles,0
618,Izakaya Tonchinkan,4.5,259,2,W,91007,Arcadia,1
619,Harbour Japanese Restaurant,3.5,702,2,10th,93551,Palmdale,1
620,Oh! Oh! Sushi & Teriyaki,4.5,170,2,Sepulveda,91411,Van Nuys,1
621,Bao Dim Sum House,4.0,3464,2,Beverly,90048,Los Angeles,0
622,Hoka Hoka Sushi & Sake,4.0,567,2,Torrance,90277,Redondo Beach,1
623,Oki Doki Roll & Sushi,4.5,136,2,N,92821,Brea,1
624,Crazy Fish,3.0,595,2,West,90212,Beverly Hills,1
625,Anju House,4.5,8,0,S,90004,Los Angeles,1
626,Sakura Sushi & Roll,3.5,725,2,S,90640,Montebello,1
627,ROL Hand Roll Bar by Kei Concepts ,4.5,984,0,Warner,92647,Huntington Beach,1
628,Zeppin Sushi,4.0,368,3,Ventura,91436,Encino,1
629,Kiwami by Katsu-Ya,4.0,757,3,Ventura,91604,Studio City,1
630,Sushi Planet -Moorpark,4.0,217,2,New,93021,Moorpark,1
631,Irassae sushi,4.5,554,2,Adams,92646,Huntington Beach,1
632,Sushi Story - Castaic,4.0,337,2,Hasley,91384,Castaic,1
633,Kashira Sushi,4.0,394,2,S,90010,Los Angeles,1
634,Hikari Sushi,4.0,74,3,Lindero,91362,Westlake Village,1
635,Raku Roll & Teriyaki,4.5,213,2,Norwalk,90601,Whittier,1
636,Boss Sushi,3.5,537,2,S,90211,Beverly Hills,1
637,O Sushi & Grill,4.5,417,2,Via,91773,San Dimas,1
638,The Misfit Restaurant + Bar,4.0,4355,2,Santa,90401,Santa Monica,0
639,Kye's,4.0,435,2,Santa,90025,Los Angeles,1
640,Seaweed Hand Roll Bar,4.0,280,3,N,91203,Glendale,1
641,Toyo Sushi,4.0,432,2,W,90501,Torrance,1
642,Catch LA,3.5,3683,3,Melrose,90069,West Hollywood,0
643,Ramen Melrose,4.0,288,2,Melrose,90038,Los Angeles,1
644,Midori Sushi,3.5,1165,2,Ventura,91423,Sherman Oaks,1
645,Niku X,4.5,212,4,Wilshire,90017,Los Angeles,1
646,Achita Sushi,4.5,473,2,Soledad,91350,Santa Clarita,1
647,Sushi Sazanami,4.5,216,2,Riverside,91423,Los Angeles,1
648,Ospi,4.5,738,3,Pacific,90291,Venice,1
649,Sushi Katsu-Ya Northridge,4.0,614,2,Reseda,91324,Nothridge,1
650,Casa De Sushi,4.0,112,0,The,91381,Newhall,1
651,Moonshadows,4.0,2887,3,Pacific,90265,Malibu,0
652,Marugame Udon - Sawtelle,4.0,1830,2,Sawtelle,90025,Los Angeles,0
653,Mikomi Sushi - West Covina,4.5,636,2,Plaza,91790,West Covina,1
654,California Bowl,3.5,193,1,N,90029,Los Angeles,1
655,Sushi On Fire,4.0,2445,2,Main,92648,Huntington Beach,0
656,Miya Sushi,4.5,434,2,Laurel,91607,Valley Village,1
657,Matu,4.5,302,4,S,90212,Beverly Hills,1
658,Kanbai Sushi,3.5,20,0,S,90006,Los Angeles,1
659,Hanabishi By Kyushu Ramen,3.5,1110,2,Sherman,91406,Van Nuys,1
660,Tsujita LA Artisan Noodle,4.0,4716,2,Sawtelle,90025,Los Angeles,0
661,Susuru Ramen Bar,5.0,118,2,Hollywood,90027,Los Angeles,1
662,Holbox,5.0,782,2,S,90007,Los Angeles,1
663,Kamon Sushi,4.0,988,2,Colima,91748,City of Industry,1
664,Tosai Sushi,3.5,44,0,Santa,90067,Los Angeles,1
665,Blufish Sushi & Grill,4.0,597,2,S,90501,Torrance,1
666,San Shi Go Laguna Beach,4.0,577,2,S,92651,Laguna Beach,1
667,Yuko Kitchen DTLA,4.5,471,2,W,90013,Los Angeles,1
668,Blue Fish Entertainment,5.0,1,0,Ocean,90401,Santa Monica,1
669,Robata Bar,4.0,260,3,Ocean,90401,Santa Monica,1
670,Iron Teapot Dim Sum & Bar,4.0,655,3,Venice,90034,Los Angeles,1
671,Mom & Bop,4.5,206,2,Pico,90405,Santa Monica,1
672,Sushi and Wasabi,4.0,321,2,Kanan,91301,Agoura Hills,1
673,Sushi Eyaki,3.5,499,2,Wilshire,90036,Los Angeles,1
674,Krack N Krab,4.5,210,2,N,90004,Los Angeles,1
675,Lucky Tacoshi,4.0,19,0,Santa,90067,Los Angeles,1
676,Aikan Sushi,5.0,22,0,E,90815,Long Beach,1
677,SUGARFISH by sushi nozawa,4.0,975,3,Commons,91302,Calabasas,1
678,No. 1 Sushi & Roll,4.5,89,2,Lomita,90717,Lomita,1
679,Matsui,4.0,628,2,S,90501,Torrance,1
680,Blue Fin Sushi Roll,4.0,149,2,Mission,91030,South Pasadena,1
681,Maui Sushi & Teriyaki,4.0,489,2,Lakewood,90240,Downey,1
682,Miso Sushi & Grill,4.5,339,2,Central,91710,Chino,1
683,Alibi Room,4.0,1553,2,W,90066,Los Angeles,0
684,Sawtelle Tempura House,4.0,300,2,Sawtelle,90025,West Los Angeles,1
685,Honsan Sushi & Grill,5.0,104,2,Crown,92677,Laguna Niguel,1
686,Kaya Sushi,3.5,427,2,Washington,90292,Marina Del Rey,1
687,Silverlake Ramen,4.0,3700,2,W,90026,Los Angeles,0
688,Something's Fishy,4.0,795,3,Ventura,91364,Woodland Hills,1
689,Crazy Rock'N Sushi - Covina,4.0,1704,2,Arrow,91722,Covina,0
690,Azuma Japanese Restaurant,4.5,1004,2,S,90247,Gardena,1
691,Chopstix Bento & Roll,4.0,180,1,Washington,90640,Montebello,1
692,Makiyaki Sushi & Izakaya,4.5,61,2,Halliburton,91745,Hacienda Heights,1
693,Uoichiba Handroll Bar,3.5,9,0,Culver,90232,Culver City,1
694,E⁺ MON,4.5,222,2,Agoura,91361,Westlake Village,1
695,Mr. Sushi,4.0,1342,2,Valencia,91355,Valencia,1
696,Roll Spot,4.5,131,2,Astronaut,90012,Los Angeles,1
697,Sushi Yusho,4.0,221,2,Michael,91320,Newbury Park,1
698,Yagumo Sushi,4.0,332,2,Vanowen,91405,Van Nuys,1
699,Leona's,3.5,55,0,Ventura,91604,Studio City,1
700,Yen Sushi & Sake Bar,4.0,434,2,Ventura,91604,Studio City,1
701,SUGARFISH By Sushi Nozawa,4.0,1515,3,S,91101,Pasadena,0
702,J Sushi,4.5,24,2,E,90746,Carson,1
703,Uovo - Marina del Rey,4.5,370,2,Admiralty,90292,Marina Del Rey,1
704,Mui sushi,4.5,23,0,Florence,90201,Bell Gardens,1
705,Fansea Sushi,4.5,116,0,Rosecrans,90266,Manhattan Beach,1
706,Izakaya M,3.5,557,2,Ventura,91423,Sherman Oaks,1
707,EBISU Sushi & Teriyaki,3.5,145,2,Wilshire,90048,Los Angeles,1
708,Dake Sushi,4.0,102,0,Cochran,93065,Simi Valley,1
709,Slurpin' Ramen Bar - Los Angeles,4.5,5502,2,W,90005,Los Angeles,0
710,Zono Sushi,4.0,548,2,N,91206,Glendale,1
711,SushiEn,4.0,102,2,S,90022,East Los Angeles,1
712,Red Salmon,3.5,615,2,W,93536,Lancaster,1
713,Little Tokyo Sushi,4.0,62,1,S,90013,Los Angeles,1
714,Kai Ramen North Hollywood,4.0,263,2,Lankershim,91601,San Fernando Valley,1
715,Meat on rice,5.0,29,0,N,90004,Los Angeles,1
716,Hirosa Sushi & Japanese Cuisine,4.5,267,2,1/2,91325,Los Angeles,1
717,Manhattan Beach Post,4.5,3675,2,Manhattan,90266,Manhattan Beach,0
718,Aburi Sushi,4.0,2069,3,On,90620,Buena Park,0
719,Kaigen,4.0,393,3,N,92865,Orange,1
720,Joy,4.5,1480,2,York,90042,Los Angeles,0
721,So Sushi Also,4.5,248,2,Ventura,91364,Woodland Hills,1
722,Found Oyster,4.5,276,0,Fountain,90029,Los Angeles,1
723,Mika Sushi,4.0,230,2,Las,93010,Camarillo,1
724,Show Sushi,4.0,2349,2,W,91773,San Dimas,0
725,Sushinaloa,3.0,147,2,Long,90262,Lynwood,1
726,Sumo Japanese Restaurant,4.0,805,2,Newbury,91320,Newbury Park,1
727,Sushi Sai,4.0,178,2,S,91754,Monterey Park,1
728,Sakana Sushi & Izakaya,3.5,16,2,Florence,90240,Downey,1
729,Kushiyu,4.0,994,3,Ventura,91356,Tarzana,1
730,GOZEN - Japanese Sake Bistro,4.0,65,0,N,90048,West Hollywood,1
731,Queen Taco & Sushi,4.0,162,2,Atlantic,90280,South Gate,1
732,OJI Sushi & Sake Bar,4.0,853,2,E,91101,Pasadena,1
733,Shinkai Sushi Japanese Fusion,4.5,126,3,W,91801,Alhambra,1
734,The Six Chow House Studio City,4.5,3177,2,Ventura,91604,Studio City,0
735,Nabeeya,4.5,348,2,S,90014,Los Angeles,1
736,Oni Sushi,4.5,294,2,N,91711,Claremont,1
737,Jimmysugi,5.0,10,0,E,90012,Los Angeles,1
738,Sushi Nikkei - Bixby Knolls ,4.5,200,3,Atlantic,90807,Long Beach,1
739,Hinoki & The Bird,3.5,1556,4,W,90067,Los Angeles,0
740,Mr. Tempo Cantina,4.0,179,0,Hollywood,90028,Los Angeles,1
741,Kopan Sushi & Ramen Bar - Glendale,4.0,1185,2,N,91203,Glendale,1
742,Asaka Sushi & Grill,4.0,527,2,S,90277,Redondo Beach,1
743,Goldfish Japanese Restaurant,3.5,660,2,Rancho,93551,Palmdale,1
744,Anaba,4.0,964,2,S,93035,Oxnard,1
745,hibi by Kabuki,5.0,18,0,W,90006,Los Angeles,1
746,O Fine Japanese Cuisine,4.5,521,3,,92651,Laguna Beach,1
747,SUGARFISH by sushi nozawa,4.0,1169,3,Ventura,91604,Studio City,1
748,Sushi With Attitude,4.5,151,2,W,90007,Los Angeles,1
749,Sushi Shiro,4.0,568,2,W,91786,Upland,1
750,Starfish Sushi,3.5,673,2,Firestone,90241,Downey,1
751,Duke's Malibu,4.0,3213,2,Pacific,90265,Malibu,0
752,Sushi Tanaka,5.0,232,4,Cochran,93063,Simi Valley,1
753,Asakuma Beverly Hills,3.0,96,2,S,90211,Beverly Hills,1
754,Orange Roll & Sushi,4.0,1142,2,S,92805,Anaheim,1
755,Kappo Irifune,4.5,241,2,Cabrillo,90501,Torrance,1
756,Sushi Mac,3.5,614,1,Ventura,91403,Sherman Oaks,1
757,Sushi On Fire,4.0,746,2,E,90803,Long Beach,1
758,Hako,4.5,784,2,Irvine,92620,Irvine,1
759,Eigikutei,4.5,13,4,E,90012,Los Angeles,1
760,Sato Sushi,4.5,702,2,E,91786,Upland,1
761,Sola Japanese Izakaya Dining,4.5,225,2,Ventura,91436,Encino,1
762,Octopus Japanese Restaurant,4.0,1689,2,Artsakh,91206,Glendale,0
763,Sushi Ken,4.0,147,3,Hawthorne,90505,Torrance,1
764,Wazabi Sushi- Hacienda Heights,4.5,755,2,Colima,91745,Hacienda Heights,1
765,Yuzu Japanese Sushi Bar,5.0,184,2,E,92627,Costa Mesa,1
766,Meshuga 4 Sushi,3.5,166,2,W,90035,Los Angeles,1
767,Tori Tori Sushi,5.0,121,2,Town,92868,Orange,1
768,Ima,4.5,55,4,Santa,90210,Beverly Hills,1
769,Ay Karay Sushi,3.0,33,2,Tampa,91324,Northridge,1
770,La Brea Ramen and Sushi,4.0,584,2,Wilshire,90036,Los Angeles,1
771,Lit Sushi,4.0,19,0,Laurel,91606,North Hollywood,1
772,242 Cafe Fusion Sushi,4.0,438,2,N,92651,Laguna Beach,1
773,Sushi Kara,4.5,697,2,N,90815,Long Beach,1
774,Sushi Planet,4.0,434,2,Ventura,93010,Camarillo,1
775,Hana Maru Sushi,4.0,133,2,W,92821,Brea,1
776,Yamaha Sushi,3.5,243,2,Reseda,91324,Los Angeles,1
777,Nana San,4.5,1193,3,Jamboree,92660,Newport Beach,1
778,Mama M Sushi,4.0,537,2,E,91103,Pasadena,1
779,Take Sushi Restaurant & Japanese Cuisine,4.0,218,2,W,90069,West Hollywood,1
780,Ceviche Project,4.5,132,0,Hyperion,90027,Los Angeles,1
781,CevicheStop,4.0,259,2,S,90232,Culver City,1
782,Otium,4.0,2330,3,S,90012,Los Angeles,0
783,The Roof Hookah Lounge,3.5,83,0,Cahuenga,90068,Los Angeles,1
784,Sarku Japan,2.5,105,1,Sepulveda,90230,Culver City,1
785,A-Won Japanese Restaurant,3.5,292,2,S,90006,Los Angeles,1
786,Tempo Cantina - Downey,4.0,2693,2,Paramount,90242,Downey,0
787,Miyako Sushi Bar,3.5,522,2,Lankershim,91601,North Hollywood,1
788,Cho Cho San,3.5,892,2,Ventura,91356,Tarzana,1
789,Culichi Town - Bell,3.0,1040,2,Atlantic,90201,Bell,1
790,Crazy Tokyo Sushi,4.5,39,2,Telegraph,90670,Santa Fe Springs,1
791,Shin-Sen-Gumi Yakitori -Gardena,4.5,1467,2,S,90247,Gardena,0
792,Maka Grill,4.5,39,2,W,90220,Compton,1
793,Kopan Sushi & Ramen - Encino,4.0,1679,2,Ventura,91316,Encino,0
794,ROL Hand Roll Bar by Kei Concepts,4.5,146,0,Brookhurst,92708,Fountain Valley,1
795,Momoku No Usagi,4.5,29,0,N,92672,San Clemente,1
796,Fuji Revolving Sushi Bar,4.0,430,2,Katella,90720,Cypress,1
797,Kotohira Restaurant,4.5,661,2,W,90247,Gardena,1
798,Sushiya Ramen,4.5,59,2,Long,90806,Long Beach,1
799,Tokyo Kalbi,4.0,172,3,Gateway,90064,Los Angeles,1
800,Rok N' Sushi,3.5,309,2,Foothill,91342,Sylmar,1
801,Gen Kai Sushi,4.0,621,2,Pacific,92629,Dana Point,1
802,Wokcano,3.0,1273,2,S,91502,Burbank,1
803,Joon Shabu Shabu,4.5,1272,2,E,91205,Glendale,1
804,Sushi On Garfield,4.0,374,2,Garfield,91754,Monterey Park,1
805,Rice & Nori,4.0,147,2,Fair,91030,South Pasadena,1
806,Sushi Bites,5.0,3,0,Crenshaw,90043,Los Angeles,1
807,White Wasabi Sushi + Beer,4.0,386,2,E,90803,Long Beach,1
808,Tenmasa Sushi Bar,4.0,138,2,W,90069,West Hollywood,1
809,Ichima,4.0,2170,2,N,91107,Pasadena,0
810,Howdy's Sonrisa Cafe,4.0,168,2,Civic,90265,Malibu,1
811,Sushi Nikkei - Belmont Shore ,4.5,42,0,2nd,90803,Long Beach,1
812,Sushiholic,4.5,594,2,Imperial,90638,La Mirada,1
813,Kitaro Japanese Cuisine,4.5,18,0,E,91776,San Gabriel,1
814,Sushi Bar Cafe Hikari,3.5,569,2,Montebello,90640,Montebello,1
815,Light & Healthy Sushi Bar,4.0,269,2,Lyons,91321,Newhall,1
816,Buko Restaurant,4.0,326,2,N,91206,Glendale,1
817,Sakuraya,4.5,144,2,East,92869,Orange,1
818,Asakuma Sushi,2.5,171,2,Abbot,90291,Marina Del Rey,1
819,El PeriSushi Restaurant,4.0,89,2,Paramount,90723,Paramount,1
820,Coco Sushi & Roll,4.5,93,2,Sepulveda,90505,Torrance,1
821,Inn of the Seventh Ray,4.0,2434,3,Old,90290,Topanga,0
822,Zono Sushi,4.0,265,2,N,91502,Burbank,1
823,Love Sushi,4.5,44,0,El,92688,Rancho Santa Margarita,1
824,The Landing Grill & Sushi Bar,3.5,612,2,Lindero,91361,Westlake Village,1
825,Te Isshoku,5.0,27,0,W,90071,Los Angeles,1
826,Merois,4.0,202,4,Sunset,90069,West Hollywood,1
827,Sushi Noguchi,4.0,941,3,Yorba,92886,Yorba Linda,1
828,Kantaro Sushi,4.5,425,3,W,90501,Torrance,1
829,The Sushi By Jin,4.5,276,0,W,92833,Fullerton,1
830,Maki Yaki,4.5,317,2,Pacific,92629,Dana Point,1
831,Moon Sun,4.5,94,2,De,91303,Canoga Park,1
832,Kopan Sushi & Ramen - Burbank,4.0,3733,2,N,91502,Burbank,0
833,Fusion Sushi - Long Beach,4.0,841,2,E,90808,Long Beach,1
834,Jasmine Hana,4.0,521,2,S,90732,San Pedro,1
835,Sunny's Sushi Hut,4.0,595,2,Burbank,91601,North Hollywood,1
836,Sushi Iki,4.5,213,4,Ventura,91356,Tarzana,1
837,J Sushi Brea,4.0,597,2,E,92821,Brea,1
838,Kabuto Restaurant,4.5,97,2,Seal,90740,Seal Beach,1
839,Kopan Sushi & Ramen- Northridge,4.0,1521,2,Plummer,91324,Northridge,0
840,Sapporo Sushi,4.0,1800,2,Pacific,90803,Long Beach,0
841,Gam Tu Bop,4.5,591,1,N,91203,Glendale,1
842,San Clemente Sushi Company,4.0,282,2,S,92672,San Clemente,1
843,Mono Poke,4.0,368,1,S,90045,Los Angeles,1
844,Taira Sushi & Sake,5.0,97,0,Garden,92844,Garden Grove,1
845,J Sushi Corona,4.0,544,1,Green,92880,Corona,1
846,La Cevicheria,4.5,993,2,W,90019,Los Angeles,1
847,Kazu Sushi,4.0,144,4,Ventura,91604,Studio City,1
848,SUSHIRAW,4.0,1033,2,Devonshire,91344,Granada Hills,1
849,Oishi Japanese Cuisine,4.5,14,0,De,91304,Los Angeles,1
850,Mr. T,4.5,75,3,N,90038,Los Angeles,1
851,Asaka Sushi & Grill,3.5,354,2,Palos,90275,Rancho Palos Verdes,1
852,Tashiro Restaurants,4.0,160,2,S,90275,Rancho Palos Verdes,1
853,Pisces Poke & Ramen,5.0,180,2,Santa,90046,West Hollywood,1
854,JAPADOG California,4.0,311,2,Santa,90401,Santa Monica,1
855,AYCE Sushi HB,4.0,2083,3,Edinger,92649,Huntington Beach,0
856,Sushi Pop,4.5,2222,2,S,92832,Fullerton,0
857,101 Sushi Roll and Grill,4.0,3967,2,Gale,91745,City of Industry,0
858,Tatsu Ramen,4.0,4046,2,Melrose,90046,Los Angeles,0
859,ETCetera Sushi & Izakaya,4.5,1173,2,Bristol,92626,Costa Mesa,1
860,Koya Sushi - Aliso Viejo,4.5,121,2,Aliso,92656,Aliso Viejo,1
861,Oishi Teriyaki & Sushi,4.0,137,1,Paramount,90723,Paramount,1
862,Oh My Sushi,4.5,395,2,Golden,92677,Laguna Niguel,1
863,Killer Sushi,3.0,58,0,Admiralty,90292,Marina del Rey,1
864,Hikari Sushi Restaurant,0.0,0,0,Verdugo,91020,Glendale,1
865,Chinchikurin - Little Tokyo,4.0,904,2,E,90012,Los Angeles,1
866,Chung Ki Wa,4.5,523,3,W,90019,Los Angeles,1
867,Starfish Laguna Beach,4.5,1140,2,S,92651,Laguna Beach,1
868,Sushi Boom,4.5,596,2,E,92869,Orange,1
869,Water Grill - Santa Monica,4.0,2612,3,Ocean,90401,Santa Monica,0
870,Kiku Japanese Grill,4.0,202,1,New,93021,Moorpark,1
871,Akafuji,4.5,372,3,S,90631,La Habra,1
872,Blue Fish,3.5,770,2,Honolulu,91020,Montrose,1
873,Awesome Sushi,4.5,1478,2,Clark,90815,Long Beach,0
874,Sushi Story,4.0,71,0,S,91204,Glendale,1
875,Bistro Miyoda & Sushi Ichiriki,4.5,423,2,Beryl,90277,Redondo Beach,1
876,ToriYen Sushi Ramen Japanese Restaurant,4.0,220,2,Foothill,91042,Tujunga,1
877,Miyako Sushi Glendora,4.0,408,2,E,91740,Glendora,1
878,Kashiwa Japanese Cuisine,4.5,427,3,E,90755,Signal Hill,1
879,Uovo - Studio City,4.5,365,0,Ventura,91604,Los Angeles,1
880,Maruya,3.5,861,2,Japanese,90012,Los Angeles,1
881,Sushi NAKATA,4.5,182,3,E,91016,Monrovia,1
882,Krispy Rice,1.0,29,0,Cumpston,91601,Los Angeles,1
883,Sushi Yamamoto,5.0,2,0,North,90210,Beverly Hills,1
884,Gushiya Sushi & Izakaya ,4.5,282,2,Sepulveda,90501,Torrance,1
885,Kopan Sushi & Ramen - Alhambra,4.0,2372,2,E,91801,Alhambra,0
886,Sushi Bei,4.0,167,2,W,90247,Gardena,1
887,Mastro's Ocean Club,3.5,2104,4,Pacific,90265,Malibu,0
888,FishBar,4.0,1930,2,Highland,90266,Manhattan Beach,0
889,Catch,3.5,269,3,Ocean,90405,Santa Monica,1
890,Kaori sushi,4.0,754,3,W,92832,Fullerton,1
891,Mad Tuna,4.5,272,3,Sierra,91351,Canyon Country,1
892,Sato Sushi,3.5,284,2,W,93536,Lancaster,1
893,Hanami Sushi,3.5,330,2,Agoura,91302,Calabasas,1
894,DoMo Sushi & Roll,4.0,214,1,N,91789,Walnut,1
895,Hayatobi Sushi,4.5,150,2,Rosemead,91775,San Gabriel,1
896,Ginza Sushi Japanese Restaurant,4.0,641,2,E,92835,Fullerton,1
897,Crazy Rock'N Sushi,4.0,345,2,Katella,90680,Stanton,1
898,O Sumo Sushi,4.0,463,2,Van,91401,Sherman Oaks,1
899,Full Moon Sushi,4.0,392,2,Camino,92673,San Clemente,1
900,Makin Vegan Sushi & Izakaya,5.0,232,2,Canwood,91301,Agoura Hills,1
901,Crab House,4.0,780,2,S,90006,Los Angeles,1
902,RollStop Sushi,4.0,187,2,W,90732,San Pedro,1
903,Kali Restaurant,4.5,731,4,Melrose,90038,Los Angeles,1
904,Sushi Su,3.5,190,2,Cornell,91301,Agoura Hills,1
905,Sushi Koto,4.0,754,2,Brookhurst,92708,Fountain Valley,1
906,Jeju Fresh Fish,4.0,124,3,W,90019,Los Angeles,1
907,Ninja Sushi,4.0,353,2,N,91789,Walnut,1
908,Manpuku Japanese BBQ Dining - West LA,4.0,742,2,Sawtelle,90025,Los Angeles,1
909,Temakitto,4.5,684,2,Newhall,91355,Santa Clarita,1
910,Fia Restaurant,4.0,718,3,Wilshire,90403,Santa Monica,1
911,Arigatto  Sushi,4.0,594,2,North,90631,La Habra,1
912,Verse,4.5,365,0,Lankershim,91602,Toluca Lake,1
913,Miyako Sushi,4.0,373,2,Camino,92673,San Clemente,1
914,Sushi Ryokan,4.5,600,2,Pacific,90740,Seal Beach,1
915,Opus Sushi,4.0,484,2,S,91007,Arcadia,1
916,VENICE RAMEN,4.0,400,2,Washington,90292,Marina Del Rey,1
917,Shin-Sen-Gumi Hakata Ramen - West L.A.,4.0,1302,2,Sawtelle,90025,Los Angeles,1
918,Tamon Sushi,4.0,123,3,E,90012,Los Angeles,1
919,Kontentsu,4.5,327,2,Ocean,91208,Glendale,1
920,Matsumi,5.0,3,0,Devonshire,91311,CHATSWORTH,1
921,Sushi Bop,4.0,15,0,W,90048,Los Angeles,1
922,Fukuno Restaurant,4.5,79,2,S,90247,Gardena,1
923,Fishwives,4.5,1210,2,N,91103,Pasadena,1
924,Zen Sushi and Gourmet Asian Restaurant,3.5,431,2,Foothill,91214,La Crescenta-Montrose,1
925,Kiku Sushi,4.0,519,2,W,91016,Monrovia,1
926,Anjin,4.5,1843,2,Bristol,92626,Costa Mesa,0
927,2 Die for Sushi,3.5,578,2,Topanga,91304,Canoga Park,1
928,Mitsuru Sushi & Grill,3.5,205,1,E,90012,Los Angeles,1
929,Suki Suki,4.5,48,0,S,91765,Diamond Bar,1
930,Son of a Gun,4.0,1830,3,W,90048,Los Angeles,0
931,Megu Sushi,4.5,232,2,Cochran,93065,Simi Valley,1
932,No 1 Kazoku,4.0,561,2,W,91776,San Gabriel,1
933,Ootoro Sushi,4.0,791,4,Fairway,91789,Walnut,1
934,Yanagi Kitchen - Long Beach,5.0,37,0,E,90804,Long Beach,1
935,Q Sushi,4.0,468,3,Russell,91362,Westlake Village,1
936,Xevichez Sushi Bar,3.5,540,2,Devonshire,91324,Northridge,1
937,OmG Omakase by Gino,5.0,267,4,N,92701,Santa Ana,1
938,Genwa Korean BBQ Mid Wilshire,4.5,3073,2,Wilshire,90036,Los Angeles,0
939,Hoy-Ka Thai Restaurant,4.5,2207,2,Sunset,90028,Los Angeles,0
940,Kura Revolving Sushi Bar,3.5,1148,2,W,90504,Torrance,1
941,Sushi Enya Sawtelle,5.0,3,0,W,90064,Los Angeles,1
942,Sushi Kingdom,4.0,344,2,S,91761,Ontario,1
943,EAT'S SUSHI,5.0,518,2,Baker,92626,Costa Mesa,1
944,Broad Street Oyster Company,4.0,1284,2,Pacific,90265,Malibu,1
945,Little Beast Restaurant,4.0,1267,2,Colorado,90041,Los Angeles,1
946,Gjelina,3.5,5127,3,Abbot,90291,Venice,0
947,Maki & Sushi - Arcadia,4.0,1029,2,E,91006,Arcadia,1
948,Ponzu Sushi Bar,4.5,645,2,E,92705,Santa Ana,1
949,Aburi Sushi,4.0,2744,2,E,90815,Long Beach,0
950,Ying Hana Teppanyaki,4.5,71,2,Firestone,90001,Los Angeles,1
951,Koko Sushi,4.5,321,2,Marguerite,92692,Mission Viejo,1
952,Fukanoya,5.0,67,3,Pacific,90717,Lomita,1
953,ixlb DimSum Eats,4.5,912,2,Sunset,90028,Los Angeles,1
954,Sushicatering,5.0,3,0,S,90304,Lennox,1
955,KOKUMI,4.5,353,2,W,91007,Arcadia,1
956,Tendon Tempura Carlos Junior,4.5,510,2,Cabrillo,90501,Torrance,1
957,Ozen Sushi,4.0,810,3,S,90650,Norwalk,1
958,Kazuyo Sushi by Chef Joe,4.5,116,0,,91321,Santa Clarita,1
959,Gurume Sushi,4.0,216,0,Culver,92604,Irvine,1
960,Chibiscus Asian Cafe,4.0,1182,2,W,90046,Los Angeles,1
961,Tensho,4.5,71,4,E,90012,Los Angeles,1
962,Izakaya Bizan,3.5,1538,2,S,90013,Los Angeles,0
963,Zero Ramen & Sushi,3.5,43,2,S,90017,Los Angeles,1
964,Kahuna Tiki Tu,4.0,115,0,Riverside,91607,Valley Village,1
965,Emon,4.0,192,2,N,91505,Burbank,1
966,Shan Social House,4.5,135,4,N,90211,Beverly Hills,1
967,Wazabi Sushi- Orange,4.5,248,2,W,92866,Orange,1
968,Zen Sushi,4.0,263,2,Golden,92629,Dana Point,1
969,Sushi Kizuna,5.0,222,2,Pacific,92656,Aliso Viejo,1
970,SongDo Seafood,4.5,40,0,S,90005,Los Angeles,1
971,Ikko Japanese Cuisine,4.0,1024,4,Baker,92626,Costa Mesa,1
972,Go Fish Sushi Bar,4.0,356,2,Simi,93065,Simi Valley,1
973,Jus' Poke,4.5,2076,2,N,90277,Redondo Beach,0
974,Sirinat Thai & Sushi Bar,4.5,1135,2,W,90732,San Pedro,1
975,Tomikawa Japanese Restaurant,4.0,2151,2,Jeffrey,92620,Irvine,0
976,Makinjang Sushi,5.0,2,0,Sherman,91605,San Fernando Valley,1
977,Hoshi Sushi,4.0,3996,2,W,92833,Fullerton,0
978,Ise-Shima,4.0,285,2,S,90501,Torrance,1
979,Midoh Sawtelle,4.0,168,2,Sawtelle,90025,West Los Angeles,1
980,Takeout Sushi and Roll,5.0,58,2,W,90020,Los Angeles,1
981,Sushi Anza,4.0,161,2,Torrance,90503,Torrance,1
982,Ezze Sushi,4.5,484,2,S,91740,Glendora,1
983,Hikari Sushi,3.5,735,2,E,93065,Simi Valley,1
984,Hudson House,4.0,44,0,Sunset,90069,Los Angeles,1
985,Sushigah,4.5,64,0,S,91105,Pasadena,1
986,Katie's Kitchen,3.5,39,1,Crescent,90704,Avalon,1
987,Crazy Rock'N Sushi - La Puente,4.0,1500,2,N,91744,La Puente,0
988,KIN Izakaya By Kei Concepts,4.5,980,2,Brookhurst,92708,Fountain Valley,1
989,Toyo Sushi & Roll,4.5,616,2,S,92806,Anaheim,1
990,HONDA-YA Tustin,4.0,2976,2,El,92780,Tustin,0
991,Poki Yaki,4.0,117,2,W,90220,Rancho Dominguez,1
992,Baltaire,4.0,938,4,San,90049,Los Angeles,1
993,AKASHA,3.5,1624,3,Culver,90232,Culver City,0
994,Gourmet City Seafood Buffet,4.5,8,0,Sherman,91605,Los Angeles,1
995,Itacho Ramen & Sushi,5.0,1,0,S,90017,Los Angeles,1
996,Okamoto Kitchen,4.0,663,2,,91423,Los Angeles,1
997,Midori Sushi - Encino,3.5,1034,2,Ventura,91316,Encino,1
998,Reel Inn Malibu,3.5,1136,2,Pacific,90265,Malibu,1
999,Sushi Roku,4.0,1406,3,Colorado,91103,Pasadena,1
